Name,Date of Birth
Mehdi Gentrot,25/01/2001
R.Adam,15/12/1978
Maurice Rand,07/09/2004
Anne Dupond-Forest,12/03/1990
Jean-Pierre Leclerc,03/06/1985
Renaud Arnold,21/08/1992
Marie Dupont,10/04/1989
Alice Dupont,02/11/1995
Martin Delacroix,28/07/1980
Sophie Martin,14/05/1993
John Doe,05/09/1975
Bern. Thompson,18/11/1988
Eva Martinez,22/06/1997
Alex Smith,09/03/1982
Aurelie Thompson,30/04/1986
Lily White,08/12/1998
Charlie Brown,16/02/1991
K. Johnson,03/07/1987
Paul Taylor,11/09/1994
Serena Williams,07/01/1983